
INSERT INTO `players` (`player_id`, `email`, `user_name`, `gender`, `birth_date`, `registion_date`) VALUES
('P001', 'player1@gmail.com', 'GameMaster', 'M', '1990-05-15', '2022-01-10'),
('P002', 'player2@outlook.com', 'DragonSlayer', 'F', '1995-08-22', '2023-02-05'),
('P003', 'player3@outlook.com', 'ShadowHunter', 'M', '1988-11-30', '2022-03-12'),
('P004', 'player4@163.com', 'MageQueen', 'F', '1992-04-18', '2022-01-25'),
('P005', 'player5@edu.com', 'NinjaWarrior', 'M', '1998-07-09', '2021-02-20'),
('P006', 'player6@gamil.com', 'ArcherPro', 'F', '1993-09-14', '2023-03-05'),
('P007', 'player7@yahoo.com', 'TankLord', 'M', '1985-12-25', '2023-01-15'),
('P008', 'player8@sina.com', 'HealBot', 'F', '1997-06-30', '2022-02-10'),
('P009', 'player9@gmail.com', 'MagicMan', 'M', '1991-02-18', '2023-03-20'),
('P010', 'player10@outlook.com', 'StealthGirl', 'F', '1994-10-08', '2022-01-30'),
('P011', 'player11@qq.com', 'DarkKnight', 'M', '1996-03-12', '2023-04-05'),
('P012', 'player12@gmail.com', 'IceQueen', 'F', '2000-07-19', '2023-04-10'),
('P013', 'player13@yahoo.com', 'ThunderGod', 'M', '2010-11-25', '2021-04-15'),
('P014', 'player14@yahoo.com', 'Moonlight', 'F', '2004-02-28', '2022-04-20'),
('P015', 'player15@outlook.com', 'IronFist', 'M', '1993-09-08', '2023-05-01'),
('P016', 'player16@edu.com', 'StarGazer', 'F', '2001-12-15', '2024-05-05'),
('P017', 'player17@126.com', 'FlameLord', 'M', '1995-06-22', '2023-05-10'),
('P018', 'player18@sina.com', 'WindWalker', 'F', '1998-04-03', '2022-05-15'),
('P019', 'player19@bnu.edu.com', 'EarthShaker', 'M', '1990-08-17', '2023-05-20'),
('P020', 'player20@outlook.com', 'WaterSpirit', 'F', '1992-10-30', '2023-05-25');



INSERT INTO `characters` (`char_id`, `name`, `type`, `release_date`) VALUES
('CH001', 'Arthur', 'Warrior', '2022-01-01'),
('CH002', 'Luna', 'Mage', '2021-01-01'),
('CH003', 'Rogue', 'Assassin', '2022-02-15'),
('CH004', 'Tankor', 'Tank', '2022-03-10'),
('CH005', 'Healina', 'Healer', '2023-04-05'),
('CH006', 'Archeron', 'Ranger', '2021-05-12'),
('CH007', 'Necrom', 'Necromancer', '2022-06-20'),
('CH008', 'Paladin', 'Paladin', '2023-07-08'),
('CH009', 'Berserker', 'Warrior', '2022-08-15'),
('CH010', 'Sorceress', 'Mage', '2020-09-10'),
('CH011', 'Shadowblade', 'Assassin', '2021-10-05'),
('CH012', 'Guardian', 'Tank', '2021-11-20'),
('CH013', 'Druid', 'Healer', '2022-12-12'),
('CH014', 'Beastmaster', 'Ranger', '2022-01-15'),
('CH015', 'Warlock', 'Warlock', '2022-02-10');


INSERT INTO `own_char` (`player_id`, `char_id`, `own_char_level`, `acquire_date`) VALUES
('P001', 'CH001', 5, '2023-12-10'),
('P001', 'CH002', 3, '2024-02-15'),
('P002', 'CH003', 5, '2024-02-10'),       
('P003', 'CH001', 4, '2023-10-15'),
('P004', 'CH005', 3, '2024-01-30'),
('P005', 'CH004', 5, '2023-02-25'),       
('P006', 'CH006', 3, '2024-03-10'),
('P007', 'CH004', 5, '2024-01-20'),
('P008', 'CH005', 2, '2024-02-15'),
('P009', 'CH007', 4, '2023-03-25'),
('P010', 'CH008', 3, '2024-02-05'),
('P011', 'CH009', 3, '2025-08-20'),  
('P011', 'CH002', 2, '2024-09-01'),    
('P012', 'CH010', 2, '2023-09-15'), 
('P012', 'CH004', 4, '2024-10-05'),     
('P013', 'CH011', 5, '2023-10-10'),
('P013', 'CH005', 3, '2024-11-10'),
('P014', 'CH012', 1, '2024-11-25'),      
('P015', 'CH013', 5, '2023-12-15'),       
('P016', 'CH014', 1, '2025-01-20'),       
('P017', 'CH015', 3, '2025-02-15'),       
('P018', 'CH001', 2, '2023-05-18'),
('P019', 'CH002', 5, '2024-05-22'),
('P020', 'CH003', 3, '2024-05-28');



INSERT INTO `char_skill_default` (`char_id`, `default_skill`) VALUES
('CH001', 'SK001'),
('CH002', 'SK002'),
('CH003', 'SK003'),
('CH004', 'SK004'),
('CH005', 'SK005'),
('CH006', 'SK006'),
('CH007', 'SK007'),
('CH008', 'SK008'),
('CH009', 'SK009'),
('CH010', 'SK010'),
('CH011', 'SK011'),
('CH012', 'SK012'),
('CH013', 'SK013'),
('CH014', 'SK014'),
('CH015', 'SK015');

INSERT INTO `levels` (`level_id`, `name`, `difficulty`) VALUES
('LV001', 'Forest', 'Easy'),
('LV002', 'Cave', 'Medium'),
('LV003', 'Castle', 'Hard'),
('LV004', 'Dungeon', 'Very Hard'),
('LV005', 'Boss Arena', 'Extreme');


INSERT INTO `inventory_item` (`item_id`, `name`, `description`, `category`) VALUES
('IT001', 'Health Potion', 'Restores 50 HP', 'Consumable'),
('IT002', 'Mana Potion', 'Restores 30 MP', 'Consumable'),
('IT003', 'Iron Sword', 'Basic weapon', 'Weapon'),
('IT004', 'Magic Staff', 'Increases spell power', 'Weapon'),
('IT005', 'Gold Coin', 'Currency', 'Currency'),
('IT006', 'Diamond', 'Rare currency', 'Currency'),
('IT007', 'Leather Armor', 'Light protection', 'Armor'),
('IT008', 'Steel Shield', 'Heavy defense', 'Armor'),
('IT009', 'Arrows', 'Ammunition for bows', 'Ammo'),
('IT010', 'Holy Water', 'Blessed healing item', 'Consumable');


INSERT INTO `level_rewards` (`level_id`, `item_id`, `amount`) VALUES
('LV001', 'IT001', 3),
('LV001', 'IT005', 100),
('LV002', 'IT002', 2),
('LV002', 'IT005', 200),
('LV003', 'IT003', 1),
('LV003', 'IT006', 5),
('LV004', 'IT004', 1),
('LV004', 'IT006', 10),
('LV005', 'IT007', 1),
('LV005', 'IT006', 20);


INSERT INTO `own_inventory_item` (`player_id`, `item_id`, `amount`) VALUES
('P001', 'IT001', 5),
('P001', 'IT005', 350),
('P002', 'IT002', 3),
('P002', 'IT006', 8),
('P003', 'IT003', 1),
('P003', 'IT005', 150),
('P004', 'IT004', 1),
('P004', 'IT007', 1),
('P005', 'IT008', 1),
('P005', 'IT006', 15),
('P006', 'IT009', 20),
('P006', 'IT005', 200),
('P007', 'IT007', 1),
('P007', 'IT001', 10),
('P008', 'IT002', 5),
('P008', 'IT010', 3),
('P009', 'IT006', 25),
('P009', 'IT004', 1),
('P010', 'IT003', 1),
('P010', 'IT008', 1),
('P011', 'IT001', 8),
('P011', 'IT006', 12),
('P012', 'IT002', 6),
('P012', 'IT007', 1),
('P013', 'IT003', 2),
('P013', 'IT008', 1),
('P014', 'IT004', 1),
('P014', 'IT009', 30),
('P015', 'IT005', 450),
('P015', 'IT010', 5),
('P016', 'IT006', 18),
('P016', 'IT001', 7),
('P017', 'IT007', 1),
('P017', 'IT002', 4),
('P018', 'IT008', 1),
('P018', 'IT003', 1),
('P019', 'IT009', 25),
('P019', 'IT004', 1),
('P020', 'IT010', 3),
('P020', 'IT005', 300);


INSERT INTO `attempt_level` (`attempt_id`, `player_id`, `level_id`, `is_win`, `start_time`, `end_time`) VALUES
('AT001', 'P001', 'LV001', 1, '09:30:00', '09:35:22'),
('AT002', 'P001', 'LV002', 1, '10:15:00', '10:25:45'),
('AT003', 'P002', 'LV001', 1, '11:00:00', '11:05:30'),
('AT004', 'P002', 'LV003', 0, '14:30:00', '14:45:00'),
('AT005', 'P003', 'LV002', 1, '16:20:00', '16:30:15'),
('AT006', 'P004', 'LV001', 1, '18:00:00', '18:05:40'),
('AT007', 'P005', 'LV004', 1, '20:15:00', '20:35:20'),
('AT008', 'P006', 'LV001', 1, '10:00:00', '10:05:15'),
('AT009', 'P007', 'LV003', 0, '15:30:00', '15:45:10'),
('AT010', 'P008', 'LV002', 1, '17:20:00', '17:30:05'),
('AT011', 'P009', 'LV005', 1, '21:00:00', '21:25:30'),
('AT012', 'P010', 'LV004', 0, '19:15:00', '19:30:45'),
('AT013', 'P011', 'LV001', 1, '08:30:00', '08:35:10'),
('AT014', 'P012', 'LV002', 1, '11:15:00', '11:25:30'),
('AT015', 'P013', 'LV003', 0, '13:45:00', '14:00:20'),
('AT016', 'P014', 'LV004', 1, '16:20:00', '16:40:15'),
('AT017', 'P015', 'LV005', 1, '19:10:00', '19:35:45'),
('AT018', 'P016', 'LV001', 1, '09:00:00', '09:05:20'),
('AT019', 'P017', 'LV002', 1, '12:30:00', '12:40:10'),
('AT020', 'P018', 'LV003', 0, '15:15:00', '15:30:25'),
('AT021', 'P019', 'LV004', 1, '18:20:00', '18:40:30'),
('AT022', 'P020', 'LV005', 0, '21:00:00', '21:20:15');


INSERT INTO `next_level` (`player_id`, `next_level_id`) VALUES
('P001', 'LV003'),
('P002', 'LV003'),
('P003', 'LV002'),
('P004', 'LV002'),
('P005', 'LV005'),
('P006', 'LV002'),
('P007', 'LV004'),
('P008', 'LV003'),
('P009', 'LV005'),
('P010', 'LV004'),
('P011', 'LV002'),
('P012', 'LV003'),
('P013', 'LV004'),
('P014', 'LV005'),
('P015', 'LV005'),
('P016', 'LV003'),
('P017', 'LV004'),
('P018', 'LV005'),
('P019', 'LV005'),
('P020', 'LV005');


INSERT INTO `events` (`event_id`, `name`, `start_date`, `end_date`) VALUES
('EV001', 'Summer Fest', '2024-06-01', '2024-06-30'),
('EV002', 'Winter War', '2024-12-01', '2024-12-31'),
('EV003', 'Spring Cup', '2024-03-15', '2024-04-15'),
('EV004', 'Halloween', '2024-10-25', '2024-11-01'),
('EV005', 'New Year', '2024-12-28', '2025-01-05');


INSERT INTO `event_rewards` (`event_id`, `item_id`, `amount`) VALUES
('EV001', 'IT006', 50),
('EV001', 'IT004', 1),
('EV002', 'IT007', 1),
('EV002', 'IT006', 100),
('EV003', 'IT005', 500),
('EV003', 'IT008', 1),
('EV004', 'IT006', 75),
('EV004', 'IT003', 1),
('EV005', 'IT005', 1000),
('EV005', 'IT007', 2);


INSERT INTO `participate_events` (`player_id`, `event_id`, `complete_status`, `join_date`, `rank`, `reward_status`) VALUES
('P001', 'EV001', 1, '2024-06-01', 3, 1),
('P002', 'EV001', 1, '2024-06-01', 5, 1),
('P003', 'EV003', 1, '2024-03-15', 1, 1),
('P004', 'EV003', 0, '2024-03-15', 8, 0),
('P005', 'EV002', 1, '2024-12-01', 2, 1),
('P006', 'EV004', 1, '2024-10-25', 4, 1),
('P007', 'EV005', 1, '2024-12-28', 6, 1),
('P008', 'EV001', 0, '2024-06-05', 10, 0),
('P009', 'EV004', 1, '2024-10-25', 1, 1),
('P010', 'EV002', 1, '2024-12-01', 3, 1),
('P011', 'EV001', 1, '2024-06-10', 7, 1),
('P012', 'EV002', 1, '2024-12-05', 4, 1),
('P013', 'EV003', 0, '2024-03-20', 12, 0),
('P014', 'EV004', 1, '2024-10-27', 2, 1),
('P015', 'EV005', 1, '2024-12-30', 5, 1),
('P016', 'EV001', 0, '2024-06-15', 15, 0),
('P017', 'EV002', 1, '2024-12-10', 8, 1),
('P018', 'EV003', 1, '2024-03-25', 3, 1),
('P019', 'EV004', 1, '2024-10-28', 6, 1),
('P020', 'EV005', 0, '2024-12-31', 10, 0);



INSERT INTO `orders` (`order_id`, `player_id`, `price`, `order_date`) VALUES
('OR001', 'P001', 29.00, '2023-01-15'),
('OR002', 'P002', 45.69, '2023-02-12'),
('OR003', 'P003', 648.00, '2024-03-20'),
('OR004', 'P004', 648.00, '2021-01-28'),
('OR005', 'P005', 30.00, '2022-02-22'),
('OR006', 'P006', 6.99, '2024-03-08'),
('OR007', 'P007', 30.00, '2023-01-18'),
('OR008', 'P008', 588.00, '2023-02-12'),
('OR009', 'P009', 6.00, '2025-03-22'),
('OR010', 'P010', 288.00, '2025-02-01'),
('OR011', 'P011', 68.00, '2024-08-15'),
('OR012', 'P012', 128.00, '2024-09-12'),
('OR013', 'P013', 69.99, '2023-10-08'),
('OR014', 'P014', 159.99, '2025-11-22'),
('OR015', 'P015', 588.00, '2024-12-15'),
('OR016', 'P016', 79.99, '2025-01-18'),
('OR017', 'P017', 648.00, '2025-02-12'),
('OR018', 'P018', 30.00, '2024-05-16'),
('OR019', 'P019', 128.00, '2024-05-23'),
('OR020', 'P020', 29.99, '2025-05-29');


INSERT INTO `order_detail` (`order_id`, `item_id`, `amount`) VALUES
('OR001', 'IT001', 10),
('OR001', 'IT002', 5),
('OR002', 'IT003', 1),
('OR003', 'IT004', 1),
('OR004', 'IT005', 200),
('OR005', 'IT006', 5),
('OR005', 'IT007', 1),
('OR006', 'IT009', 50),
('OR007', 'IT007', 1),
('OR008', 'IT002', 10),
('OR009', 'IT006', 10),
('OR010', 'IT003', 1)，
('OR011', 'IT001', 15),
('OR011', 'IT006', 10),
('OR012', 'IT002', 8),
('OR012', 'IT007', 1),
('OR013', 'IT003', 2),
('OR014', 'IT004', 1),
('OR015', 'IT005', 500),
('OR016', 'IT006', 20),
('OR017', 'IT007', 1),
('OR018', 'IT008', 1),
('OR019', 'IT009', 30),
('OR020', 'IT010', 5);



INSERT INTO `login_activity` 
(`login_activity_id`, `player_id`, `ip_address`, `device`, `login_time`, `logout_time`) 
VALUES
('LA001', 'P001', '192.168.1.1', 'PC',     '2022-03-15 09:25:00', '2022-03-15 11:40:00'),
('LA002', 'P001', '192.168.1.1', 'Mobile', '2024-07-10 14:00:00', '2024-07-10 16:30:00'),

('LA003', 'P002', '192.168.1.2', 'Mobile', '2023-02-20 10:50:00', '2023-02-20 15:30:00'),

('LA004', 'P003', '192.168.1.3', 'PC',     '2022-05-10 16:10:00', '2022-05-10 17:45:00'),
('LA005', 'P003', '192.168.1.3', 'PC',     '2023-11-20 18:20:00', '2023-11-20 20:00:00'),

('LA006', 'P004', '192.168.1.4', 'Tablet', '2022-08-25 17:55:00', '2022-08-25 19:20:00'),

('LA007', 'P005', '192.168.1.5', 'PC',     '2021-03-15 20:10:00', '2021-03-15 22:00:00'),
('LA008', 'P005', '192.168.1.5', 'PC',     '2024-09-30 11:10:00', '2024-09-30 13:25:00'),

('LA009', 'P006', '192.168.1.6', 'Mobile', '2023-03-15 09:45:00', '2023-03-15 12:30:00'),

('LA010', 'P007', '192.168.1.7', 'PC',     '2023-01-18 15:20:00', '2023-01-18 18:10:00'),

('LA011', 'P008', '192.168.1.8', 'Mobile', '2022-04-12 16:30:00', '2022-04-12 19:45:00'),

('LA012', 'P009', '192.168.1.9', 'PC',     '2023-05-10 20:30:00', '2023-05-10 23:15:00'),

('LA013', 'P010', '192.168.1.10', 'Tablet','2022-06-15 18:00:00', '2022-06-15 20:30:00'),

('LA014', 'P011', '192.168.1.11', 'PC',    '2023-04-07 08:20:00', '2023-04-07 10:45:00'),

('LA015', 'P012', '192.168.1.12', 'Mobile','2023-04-20 11:00:00', '2023-04-20 14:30:00'),

('LA016', 'P013', '192.168.1.13', 'PC',    '2021-04-16 13:30:00', '2021-04-16 16:15:00'),

('LA017', 'P014', '192.168.1.14', 'Tablet','2022-07-20 16:10:00', '2022-07-20 18:50:00'),

('LA018', 'P015', '192.168.1.15', 'PC',    '2023-05-03 19:00:00', '2023-05-03 22:30:00'),

('LA019', 'P016', '192.168.1.16', 'Mobile','2024-05-10 08:45:00', '2024-05-10 11:20:00'),

('LA020', 'P017', '192.168.1.17', 'PC',    '2023-05-11 12:15:00', '2023-05-11 15:45:00'),

('LA021', 'P018', '192.168.1.18', 'Mobile','2022-05-16 15:00:00', '2022-05-16 18:30:00'),

('LA022', 'P019', '192.168.1.19', 'PC',    '2023-05-21 18:15:00', '2023-05-21 21:45:00'),

('LA023', 'P020', '192.168.1.20', 'Tablet','2023-05-26 20:45:00', '2023-05-26 23:15:00');




INSERT INTO `bug_reports` (`report_id`, `player_id`, `submit_date`, `description`) VALUES
('BR001', 'P001', '2024-01-20', 'Game crashes when entering level 3'),
('BR002', 'P003', '2024-03-25', 'Character gets stuck in wall'),
('BR003', 'P006', '2024-04-10', 'Item duplication bug'),
('BR004', 'P005', '2024-02-25', 'Skill cooldown not working'),
('BR005', 'P007', '2024-01-20', 'Login issues on mobile'),
('BR006', 'P009', '2024-03-23', 'Event rewards not received'),
('BR007', 'P011', '2024-08-20', 'Berserker skill not scaling correctly'),
('BR008', 'P013', '2024-10-10', 'Shadow Step sometimes fails'),
('BR009', 'P015', '2024-12-18', 'Druid healing not working in PvP'),
('BR010', 'P017', '2025-02-15', 'Warlock curse effect too strong'),
('BR011', 'P019', '2024-05-24', 'Elemental effects not displaying');

INSERT INTO `orders` (`order_id`, `player_id`, `order_date`) VALUES
('OR001', 'P001', '2023-01-15'),
('OR002', 'P002', '2023-02-12'),
('OR003', 'P003', '2024-03-20'),
('OR004', 'P004', '2021-01-28'),
('OR005', 'P005', '2022-02-22'),
('OR006', 'P006', '2024-03-08'),
('OR007', 'P007', '2023-01-18'),
('OR008', 'P008', '2023-02-12'),
('OR009', 'P009', '2025-03-22'),
('OR010', 'P010', '2025-02-01'),
('OR011', 'P011', '2024-08-15'),
('OR012', 'P012', '2024-09-12'),
('OR013', 'P013', '2023-10-08'),
('OR014', 'P014', '2025-11-22'),
('OR015', 'P015', '2024-12-15'),
('OR016', 'P016', '2025-01-18'),
('OR017', 'P017', '2025-02-12'),
('OR018', 'P018', '2024-05-16'),
('OR019', 'P019', '2024-05-23'),
('OR020', 'P020', '2025-05-29');

INSERT INTO inventory_store (package_id, price, package_name) VALUES
('PKG001', 30.00, 'Beginner Pack'),
('PKG002', 128.00, 'Warrior Pack'),
('PKG003', 388.00, 'Mage Pack'),
('PKG004', 588.00, 'Archer Pack'),
('PKG005', 648.00, 'Advanced Supply Box');

INSERT INTO package_detail (package_id, item_id, amount) VALUES
('PKG001', 'IT001', 5),
('PKG001', 'IT002', 3),
('PKG001', 'IT005', 20),
('PKG002', 'IT003', 1),
('PKG002', 'IT007', 1),
('PKG002', 'IT005', 50),
('PKG003', 'IT004', 1),
('PKG003', 'IT010', 2),
('PKG003', 'IT006', 1),
('PKG004', 'IT009', 30),
('PKG004', 'IT001', 2),
('PKG004', 'IT008', 1),
('PKG005', 'IT001', 10),
('PKG005', 'IT002', 10),
('PKG005', 'IT006', 2);

INSERT INTO orders (order_id, player_id, package_id, order_date, amount, total_price) VALUES
('ORD001', 'P001', 'PKG001', '2025-06-01', 1, 30.00),
('ORD002', 'P003', 'PKG002', '2025-06-03', 2, 256.00),
('ORD003', 'P005', 'PKG004', '2025-06-05', 1, 588.00),
('ORD004', 'P008', 'PKG003', '2025-06-07', 1, 388.00),
('ORD005', 'P010', 'PKG001', '2025-06-08', 3, 90.00),
('ORD006', 'P012', 'PKG005', '2025-06-09', 1, 648.00),
('ORD007', 'P014', 'PKG002', '2025-06-10', 1, 128.00),
('ORD008', 'P016', 'PKG003', '2025-06-11', 2, 776.00),
('ORD009', 'P018', 'PKG001', '2025-06-13', 1, 30.00),
('ORD010', 'P020', 'PKG005', '2025-06-14', 1, 648.00);



